variant,posture,delta,ci_lower,ci_upper
opp_focus,Prospector,0.24472209035256215,0.24016508364772501,0.24922023213949662
opp_focus,Defender,-0.2113009904656377,-0.21609807068885242,-0.20648127954139506
opp_focus,TVD,0.2549981688086671,0.2504953876361327,0.2595551542205817
count_fact,Prospector,-0.08085532807642865,-0.08469402515825947,-0.07698015604009018
count_fact,Defender,0.03970363678072507,0.034892364102038144,0.044605593852069025
count_fact,TVD,0.10020325120556488,0.0957491825021577,0.10472153223954095
randomized_numbers,Prospector,-0.006158377676183921,-0.01020489458835858,-0.0020553632484004475
randomized_numbers,Defender,-0.00131297337927129,-0.006277942768558102,0.00355994417670367
randomized_numbers,TVD,0.02061061939134868,0.016185566726054593,0.025650155309168608
