variant,strategy,p_base,p_variant,delta,ci_lower,ci_upper
opp_focus,Maintain,0.14215438950554996,0.12690916398713825,-0.015245225518411704,-0.01866723757892577,-0.011941475490021105
opp_focus,Retrenchment,0.11810040363269425,0.049851788585209,-0.06824861504748525,-0.07101848750389356,-0.06556448342305428
opp_focus,Niche Focus,0.28718466195761855,0.1593775120578778,-0.12780714989974074,-0.1318275882028895,-0.12371146836551067
opp_focus,Diversification,0.07447023208879919,0.07050090434083602,-0.003969327747963172,-0.006501834942943084,-0.0015017353224843551
opp_focus,Open Innovation,0.1576564076690212,0.11792855707395498,-0.039727850595066214,-0.04305959574676916,-0.03628986339272098
opp_focus,Fast Follower,0.06810040363269425,0.07440715434083602,0.006306750708141767,0.003795261085196836,0.008825184485429148
opp_focus,Technology Leadership,0.1523335015136226,0.40102491961414793,0.24869141810052534,0.24448788011922415,0.25282845765121625
count_fact,Maintain,0.14215438950554996,0.14524059304574238,0.003086203540192428,-0.00041090522244085906,0.006556352584167937
count_fact,Retrenchment,0.11810040363269425,0.09875248050355802,-0.019347923129136232,-0.02237997980695019,-0.016254126122775128
count_fact,Niche Focus,0.28718466195761855,0.3431500183272874,0.05596535636966887,0.051341413511987975,0.0605618132743588
count_fact,Diversification,0.07447023208879919,0.04972382673761644,-0.02474640535118275,-0.027133190922889093,-0.0223588944983918
count_fact,Open Innovation,0.1576564076690212,0.16203849994312222,0.004382092274101024,0.0008484286473020554,0.008031719713266324
count_fact,Fast Follower,0.06810040363269425,0.1048700026542968,0.03676959902160255,0.034004782659791864,0.03959761747399689
count_fact,Technology Leadership,0.1523335015136226,0.0962245787883767,-0.0561089227252459,-0.05939983570169368,-0.05282565782727331
randomized_numbers,Maintain,0.14215438950554996,0.13521803074679772,-0.006936358758752231,-0.010293242708917362,-0.0034857954404557043
randomized_numbers,Retrenchment,0.11810040363269425,0.11177454024361118,-0.006325863389083072,-0.009500759124618398,-0.003135278261014502
randomized_numbers,Niche Focus,0.28718466195761855,0.29913391072618256,0.011949248768564014,0.007483218976476347,0.016309343731497818
randomized_numbers,Diversification,0.07447023208879919,0.07566025165612862,0.001190019567329434,-0.001479116813555981,0.0037957453021469387
randomized_numbers,Open Innovation,0.1576564076690212,0.1643684084823954,0.006712000813374197,0.003012365859660903,0.010374092789817808
randomized_numbers,Fast Follower,0.06810040363269425,0.0688597538747753,0.0007593502420810555,-0.0017080098307682245,0.0032548855369323075
randomized_numbers,Technology Leadership,0.1523335015136226,0.14498510427010924,-0.007348397243513355,-0.010911079806850394,-0.0038121699496441027
