keyword,delta_log_odds,side
mission lead,0.6870825904297666,specific
prestige limited,0.6869630482290514,specific
leader ensuring,0.6869383783697884,specific
goal technological,0.6869186241525043,specific
leader capturing,0.6869061432406856,specific
capitalize recognition,0.6868914026132167,specific
deliver vehicles,0.6868811828307013,specific
vehicles customers,0.6868807897684537,specific
mission showcase,0.6868784314047804,specific
established minimizing,0.686877940081132,specific
consumers interested,0.6868771539648151,specific
served competitors,0.6868748938908187,specific
capabilities energy,0.686874304308839,specific
capabilities sets,0.6868740095182435,specific
technological benchmark,0.6868738129913261,specific
edge requiring,0.6868723390431679,specific
compatibility vehicles,0.6868721425172435,specific
world transition,0.6868721425172435,specific
position platform,0.6868714546774282,specific
accelerate world,0.6868712581520295,specific
mission accelerate,0.6868711598893746,specific
possible signaling,0.6868709633641501,specific
push boundaries,0.6868709633641501,specific
maintains profitability,0.686870865101584,specific
companies reducing,0.6868707668390428,specific
identity leader,0.6868704720516039,specific
mission push,0.6868704720516039,specific
ensures overcome,0.6868702755267897,specific
staying ahead,0.6868701772644243,specific
solutions strengthen,0.686869980739786,specific
leverage specialized,-0.6994659172945408,generic
propositions direct,-0.6994614110594242,generic
delaying significant,-0.6994584069362411,generic
propositions extensive,-0.6994564042023672,generic
new manage,-0.6994506964762941,generic
design advisable,-0.6994502959377531,generic
entry specific,-0.6994485936542745,generic
capacity reduces,-0.6994478927165275,generic
allowing new,-0.6994474921813261,generic
chain ultimately,-0.6994473920476008,generic
narrative concentrating,-0.699447191780239,generic
validation specific,-0.6994464908454123,generic
optimization scale,-0.6994464908454123,generic
rushed quality,-0.6994459901785746,generic
complexity operations,-0.6994456897788304,generic
enables integration,-0.6994455896456415,generic
prowess fuel,-0.6994454895124811,generic
met existing,-0.6994452892462544,generic
automaker broader,-0.6994452892462544,generic
goals standards,-0.6994447885812072,generic
funding invest,-0.6994442879169043,generic
unique asset,-0.6994441877841311,generic
failure factors,-0.6994441877841311,generic
features need,-0.6994440876513917,generic
presence distribution,-0.6994437872533457,generic
health customer,-0.6994434868555715,generic
partners quickly,-0.6994434868555715,generic
new differentiate,-0.6994433867230381,generic
effectively avoids,-0.6994431864580637,generic
plan secure,-0.6994429861932083,generic
